scenario,source_pattern,tier,rtt_mode,loss_mode,index,source,output,mean_capacity_kbps,capacity_cv,base_fixed_rtt_ms,base_loss_min,base_loss_max
STABLE_CRTT_RANDOMLOSS,STABLE,HIGH,CRTT,RANDOMLOSS,0,fcc_wried/251_HIGH_STABLE.json,random_loss/STABLE_HIGH_CRTT_RANDOMLOSS_00.json,2026.12,0.038,16,0.0000,0.0000
STABLE_CRTT_RANDOMLOSS,STABLE,HIGH,CRTT,RANDOMLOSS,1,fcc_wried/580_HIGH_STABLE.json,random_loss/STABLE_HIGH_CRTT_RANDOMLOSS_01.json,2043.20,0.162,26,0.0000,0.0000
STABLE_CRTT_RANDOMLOSS,STABLE,HIGH,CRTT,RANDOMLOSS,2,fcc_wried/257_HIGH_STABLE.json,random_loss/STABLE_HIGH_CRTT_RANDOMLOSS_02.json,2085.60,0.226,19,0.0000,0.0000
STABLE_CRTT_RANDOMLOSS,STABLE,HIGH,CRTT,RANDOMLOSS,3,fcc_wried/617_HIGH_STABLE.json,random_loss/STABLE_HIGH_CRTT_RANDOMLOSS_03.json,2100.35,0.096,18,0.0000,0.0000
STABLE_CRTT_RANDOMLOSS,STABLE,HIGH,CRTT,RANDOMLOSS,4,fcc_wried/20_HIGH_STABLE.json,random_loss/STABLE_HIGH_CRTT_RANDOMLOSS_04.json,2108.15,0.124,18,0.0000,0.0000
STABLE_CRTT_RANDOMLOSS,STABLE,HIGH,CRTT,RANDOMLOSS,5,fcc_wried/728_HIGH_STABLE.json,random_loss/STABLE_HIGH_CRTT_RANDOMLOSS_05.json,2114.88,0.039,19,0.0000,0.0000
STABLE_CRTT_RANDOMLOSS,STABLE,HIGH,CRTT,RANDOMLOSS,6,fcc_wried/256_HIGH_STABLE.json,random_loss/STABLE_HIGH_CRTT_RANDOMLOSS_06.json,2123.78,0.091,12,0.0000,0.0000
STABLE_CRTT_RANDOMLOSS,STABLE,HIGH,CRTT,RANDOMLOSS,7,fcc_wried/650_HIGH_STABLE.json,random_loss/STABLE_HIGH_CRTT_RANDOMLOSS_07.json,2179.95,0.089,17,0.0000,0.0000
STABLE_CRTT_RANDOMLOSS,STABLE,HIGH,CRTT,RANDOMLOSS,8,fcc_wried/253_HIGH_STABLE.json,random_loss/STABLE_HIGH_CRTT_RANDOMLOSS_08.json,2220.68,0.139,28,0.0000,0.0000
STABLE_CRTT_RANDOMLOSS,STABLE,HIGH,CRTT,RANDOMLOSS,9,fcc_wried/661_HIGH_STABLE.json,random_loss/STABLE_HIGH_CRTT_RANDOMLOSS_09.json,2261.68,0.176,28,0.0000,0.0000
STABLE_CRTT_RANDOMLOSS,STABLE,HIGH,CRTT,RANDOMLOSS,10,fcc_wried/281_HIGH_STABLE.json,random_loss/STABLE_HIGH_CRTT_RANDOMLOSS_10.json,2303.15,0.163,13,0.0000,0.0000
STABLE_CRTT_RANDOMLOSS,STABLE,HIGH,CRTT,RANDOMLOSS,11,fcc_wried/622_HIGH_STABLE.json,random_loss/STABLE_HIGH_CRTT_RANDOMLOSS_11.json,2350.75,0.195,25,0.0000,0.0000
STABLE_CRTT_RANDOMLOSS,STABLE,HIGH,CRTT,RANDOMLOSS,12,fcc_wried/282_HIGH_STABLE.json,random_loss/STABLE_HIGH_CRTT_RANDOMLOSS_12.json,2358.10,0.281,25,0.0000,0.0000
STABLE_CRTT_RANDOMLOSS,STABLE,HIGH,CRTT,RANDOMLOSS,13,fcc_wried/218_HIGH_STABLE.json,random_loss/STABLE_HIGH_CRTT_RANDOMLOSS_13.json,2424.40,0.271,16,0.0000,0.0000
STABLE_CRTT_RANDOMLOSS,STABLE,HIGH,CRTT,RANDOMLOSS,14,fcc_wried/586_HIGH_STABLE.json,random_loss/STABLE_HIGH_CRTT_RANDOMLOSS_14.json,2437.45,0.201,24,0.0000,0.0000
STABLE_CRTT_RANDOMLOSS,STABLE,HIGH,CRTT,RANDOMLOSS,15,fcc_wried/663_HIGH_STABLE.json,random_loss/STABLE_HIGH_CRTT_RANDOMLOSS_15.json,2448.22,0.319,11,0.0000,0.0000
STABLE_CRTT_RANDOMLOSS,STABLE,HIGH,CRTT,RANDOMLOSS,16,fcc_wried/623_HIGH_STABLE.json,random_loss/STABLE_HIGH_CRTT_RANDOMLOSS_16.json,2478.10,0.149,21,0.0000,0.0000
STABLE_CRTT_RANDOMLOSS,STABLE,HIGH,CRTT,RANDOMLOSS,17,fcc_wried/821_HIGH_STABLE.json,random_loss/STABLE_HIGH_CRTT_RANDOMLOSS_17.json,2559.62,0.387,25,0.0000,0.0000
STABLE_CRTT_RANDOMLOSS,STABLE,HIGH,CRTT,RANDOMLOSS,18,fcc_wried/374_HIGH_STABLE.json,random_loss/STABLE_HIGH_CRTT_RANDOMLOSS_18.json,2579.90,0.180,22,0.0000,0.0000
STABLE_CRTT_RANDOMLOSS,STABLE,HIGH,CRTT,RANDOMLOSS,19,fcc_wried/887_HIGH_STABLE.json,random_loss/STABLE_HIGH_CRTT_RANDOMLOSS_19.json,2595.62,0.278,25,0.0000,0.0000
STABLE_CRTT_RANDOMLOSS,STABLE,HIGH,CRTT,RANDOMLOSS,20,fcc_wried/222_HIGH_STABLE.json,random_loss/STABLE_HIGH_CRTT_RANDOMLOSS_20.json,2623.95,0.164,13,0.0000,0.0000
STABLE_CRTT_RANDOMLOSS,STABLE,HIGH,CRTT,RANDOMLOSS,21,fcc_wried/215_HIGH_STABLE.json,random_loss/STABLE_HIGH_CRTT_RANDOMLOSS_21.json,2642.50,0.174,15,0.0000,0.0000
STABLE_CRTT_RANDOMLOSS,STABLE,HIGH,CRTT,RANDOMLOSS,22,fcc_wried/869_HIGH_STABLE.json,random_loss/STABLE_HIGH_CRTT_RANDOMLOSS_22.json,2666.10,0.243,26,0.0000,0.0000
STABLE_CRTT_RANDOMLOSS,STABLE,HIGH,CRTT,RANDOMLOSS,23,fcc_wried/711_HIGH_STABLE.json,random_loss/STABLE_HIGH_CRTT_RANDOMLOSS_23.json,2690.82,0.160,10,0.0000,0.0000
STABLE_CRTT_RANDOMLOSS,STABLE,HIGH,CRTT,RANDOMLOSS,24,fcc_wried/750_HIGH_STABLE.json,random_loss/STABLE_HIGH_CRTT_RANDOMLOSS_24.json,2700.00,0.169,21,0.0000,0.0000
STABLE_CRTT_RANDOMLOSS,STABLE,HIGH,CRTT,RANDOMLOSS,25,fcc_wried/759_HIGH_STABLE.json,random_loss/STABLE_HIGH_CRTT_RANDOMLOSS_25.json,2737.68,0.152,26,0.0000,0.0000
STABLE_CRTT_RANDOMLOSS,STABLE,HIGH,CRTT,RANDOMLOSS,26,fcc_wried/217_HIGH_STABLE.json,random_loss/STABLE_HIGH_CRTT_RANDOMLOSS_26.json,2748.30,0.174,16,0.0000,0.0000
STABLE_CRTT_RANDOMLOSS,STABLE,HIGH,CRTT,RANDOMLOSS,27,fcc_wried/758_HIGH_STABLE.json,random_loss/STABLE_HIGH_CRTT_RANDOMLOSS_27.json,2753.47,0.229,30,0.0000,0.0000
STABLE_CRTT_RANDOMLOSS,STABLE,HIGH,CRTT,RANDOMLOSS,28,fcc_wried/868_HIGH_STABLE.json,random_loss/STABLE_HIGH_CRTT_RANDOMLOSS_28.json,2757.57,0.246,22,0.0000,0.0000
STABLE_CRTT_RANDOMLOSS,STABLE,HIGH,CRTT,RANDOMLOSS,29,fcc_wried/820_HIGH_STABLE.json,random_loss/STABLE_HIGH_CRTT_RANDOMLOSS_29.json,2833.53,0.188,15,0.0000,0.0000
STABLE_CRTT_RANDOMLOSS,STABLE,HIGH,CRTT,RANDOMLOSS,30,fcc_wried/751_HIGH_STABLE.json,random_loss/STABLE_HIGH_CRTT_RANDOMLOSS_30.json,2848.38,0.065,20,0.0000,0.0000
STABLE_CRTT_RANDOMLOSS,STABLE,HIGH,CRTT,RANDOMLOSS,31,fcc_wried/630_HIGH_STABLE.json,random_loss/STABLE_HIGH_CRTT_RANDOMLOSS_31.json,2874.28,0.346,28,0.0000,0.0000
STABLE_CRTT_RANDOMLOSS,STABLE,HIGH,CRTT,RANDOMLOSS,32,fcc_wried/508_HIGH_STABLE.json,random_loss/STABLE_HIGH_CRTT_RANDOMLOSS_32.json,2898.65,0.050,15,0.0000,0.0000
STABLE_CRTT_RANDOMLOSS,STABLE,HIGH,CRTT,RANDOMLOSS,33,fcc_wried/323_HIGH_STABLE.json,random_loss/STABLE_HIGH_CRTT_RANDOMLOSS_33.json,3485.93,0.328,14,0.0000,0.0000
STABLE_CRTT_RANDOMLOSS,STABLE,HIGH,CRTT,RANDOMLOSS,34,fcc_wried/498_HIGH_STABLE.json,random_loss/STABLE_HIGH_CRTT_RANDOMLOSS_34.json,3744.45,0.270,21,0.0000,0.0000
STABLE_CRTT_RANDOMLOSS,STABLE,HIGH,CRTT,RANDOMLOSS,35,fcc_wried/540_HIGH_STABLE.json,random_loss/STABLE_HIGH_CRTT_RANDOMLOSS_35.json,3843.75,0.205,25,0.0000,0.0000
STABLE_CRTT_RANDOMLOSS,STABLE,HIGH,CRTT,RANDOMLOSS,36,fcc_wried/852_HIGH_STABLE.json,random_loss/STABLE_HIGH_CRTT_RANDOMLOSS_36.json,4127.48,0.225,14,0.0000,0.0000
STABLE_CRTT_RANDOMLOSS,STABLE,HIGH,CRTT,RANDOMLOSS,37,fcc_wried/32_HIGH_STABLE.json,random_loss/STABLE_HIGH_CRTT_RANDOMLOSS_37.json,4218.48,0.184,13,0.0000,0.0000
STABLE_CRTT_RANDOMLOSS,STABLE,HIGH,CRTT,RANDOMLOSS,38,fcc_wried/4_HIGH_STABLE.json,random_loss/STABLE_HIGH_CRTT_RANDOMLOSS_38.json,4271.80,0.300,29,0.0000,0.0000
STABLE_CRTT_RANDOMLOSS,STABLE,HIGH,CRTT,RANDOMLOSS,39,fcc_wried/5_HIGH_STABLE.json,random_loss/STABLE_HIGH_CRTT_RANDOMLOSS_39.json,4502.43,0.305,16,0.0000,0.0000
STABLE_CRTT_RANDOMLOSS,STABLE,MID,CRTT,RANDOMLOSS,0,fcc_wried/141_MID_STABLE.json,random_loss/STABLE_MID_CRTT_RANDOMLOSS_00.json,490.85,0.126,23,0.0000,0.0000
STABLE_CRTT_RANDOMLOSS,STABLE,MID,CRTT,RANDOMLOSS,1,fcc_wried/48_MID_STABLE.json,random_loss/STABLE_MID_CRTT_RANDOMLOSS_01.json,526.02,0.030,18,0.0000,0.0000
STABLE_CRTT_RANDOMLOSS,STABLE,MID,CRTT,RANDOMLOSS,2,fcc_wried/510_MID_STABLE.json,random_loss/STABLE_MID_CRTT_RANDOMLOSS_02.json,542.00,0.061,17,0.0000,0.0000
STABLE_CRTT_RANDOMLOSS,STABLE,MID,CRTT,RANDOMLOSS,3,fcc_wried/14_MID_STABLE.json,random_loss/STABLE_MID_CRTT_RANDOMLOSS_03.json,551.30,0.058,13,0.0000,0.0000
STABLE_CRTT_RANDOMLOSS,STABLE,MID,CRTT,RANDOMLOSS,4,fcc_wried/469_MID_STABLE.json,random_loss/STABLE_MID_CRTT_RANDOMLOSS_04.json,562.58,0.073,10,0.0000,0.0000
STABLE_CRTT_RANDOMLOSS,STABLE,MID,CRTT,RANDOMLOSS,5,fcc_wried/726_MID_STABLE.json,random_loss/STABLE_MID_CRTT_RANDOMLOSS_05.json,576.10,0.058,15,0.0000,0.0000
STABLE_CRTT_RANDOMLOSS,STABLE,MID,CRTT,RANDOMLOSS,6,fcc_wried/563_MID_STABLE.json,random_loss/STABLE_MID_CRTT_RANDOMLOSS_06.json,596.88,0.085,23,0.0000,0.0000
STABLE_CRTT_RANDOMLOSS,STABLE,MID,CRTT,RANDOMLOSS,7,fcc_wried/813_MID_STABLE.json,random_loss/STABLE_MID_CRTT_RANDOMLOSS_07.json,616.25,0.061,18,0.0000,0.0000
STABLE_CRTT_RANDOMLOSS,STABLE,MID,CRTT,RANDOMLOSS,8,fcc_wried/609_MID_STABLE.json,random_loss/STABLE_MID_CRTT_RANDOMLOSS_08.json,635.80,0.171,20,0.0000,0.0000
STABLE_CRTT_RANDOMLOSS,STABLE,MID,CRTT,RANDOMLOSS,9,fcc_wried/164_MID_STABLE.json,random_loss/STABLE_MID_CRTT_RANDOMLOSS_09.json,658.95,0.240,30,0.0000,0.0000
STABLE_CRTT_RANDOMLOSS,STABLE,MID,CRTT,RANDOMLOSS,10,fcc_wried/240_MID_STABLE.json,random_loss/STABLE_MID_CRTT_RANDOMLOSS_10.json,701.20,0.227,10,0.0000,0.0000
STABLE_CRTT_RANDOMLOSS,STABLE,MID,CRTT,RANDOMLOSS,11,fcc_wried/892_MID_STABLE.json,random_loss/STABLE_MID_CRTT_RANDOMLOSS_11.json,737.73,0.171,10,0.0000,0.0000
STABLE_CRTT_RANDOMLOSS,STABLE,MID,CRTT,RANDOMLOSS,12,fcc_wried/893_MID_STABLE.json,random_loss/STABLE_MID_CRTT_RANDOMLOSS_12.json,764.38,0.130,20,0.0000,0.0000
STABLE_CRTT_RANDOMLOSS,STABLE,MID,CRTT,RANDOMLOSS,13,fcc_wried/165_MID_STABLE.json,random_loss/STABLE_MID_CRTT_RANDOMLOSS_13.json,813.80,0.130,14,0.0000,0.0000
STABLE_CRTT_RANDOMLOSS,STABLE,MID,CRTT,RANDOMLOSS,14,fcc_wried/923_MID_STABLE.json,random_loss/STABLE_MID_CRTT_RANDOMLOSS_14.json,843.20,0.083,18,0.0000,0.0000
STABLE_CRTT_RANDOMLOSS,STABLE,MID,CRTT,RANDOMLOSS,15,fcc_wried/400_MID_STABLE.json,random_loss/STABLE_MID_CRTT_RANDOMLOSS_15.json,882.70,0.019,28,0.0000,0.0000
STABLE_CRTT_RANDOMLOSS,STABLE,MID,CRTT,RANDOMLOSS,16,fcc_wried/525_MID_STABLE.json,random_loss/STABLE_MID_CRTT_RANDOMLOSS_16.json,893.42,0.026,22,0.0000,0.0000
STABLE_CRTT_RANDOMLOSS,STABLE,MID,CRTT,RANDOMLOSS,17,fcc_wried/121_MID_STABLE.json,random_loss/STABLE_MID_CRTT_RANDOMLOSS_17.json,905.30,0.160,28,0.0000,0.0000
STABLE_CRTT_RANDOMLOSS,STABLE,MID,CRTT,RANDOMLOSS,18,fcc_wried/202_MID_STABLE.json,random_loss/STABLE_MID_CRTT_RANDOMLOSS_18.json,926.35,0.356,18,0.0000,0.0000
STABLE_CRTT_RANDOMLOSS,STABLE,MID,CRTT,RANDOMLOSS,19,fcc_wried/260_MID_STABLE.json,random_loss/STABLE_MID_CRTT_RANDOMLOSS_19.json,993.38,0.101,24,0.0000,0.0000
STABLE_CRTT_RANDOMLOSS,STABLE,MID,CRTT,RANDOMLOSS,20,fcc_wried/268_MID_STABLE.json,random_loss/STABLE_MID_CRTT_RANDOMLOSS_20.json,1021.27,0.140,28,0.0000,0.0000
STABLE_CRTT_RANDOMLOSS,STABLE,MID,CRTT,RANDOMLOSS,21,fcc_wried/87_MID_STABLE.json,random_loss/STABLE_MID_CRTT_RANDOMLOSS_21.json,1054.05,0.083,12,0.0000,0.0000
STABLE_CRTT_RANDOMLOSS,STABLE,MID,CRTT,RANDOMLOSS,22,fcc_wried/86_MID_STABLE.json,random_loss/STABLE_MID_CRTT_RANDOMLOSS_22.json,1061.60,0.053,25,0.0000,0.0000
STABLE_CRTT_RANDOMLOSS,STABLE,MID,CRTT,RANDOMLOSS,23,fcc_wried/197_MID_STABLE.json,random_loss/STABLE_MID_CRTT_RANDOMLOSS_23.json,1092.85,0.189,26,0.0000,0.0000
STABLE_CRTT_RANDOMLOSS,STABLE,MID,CRTT,RANDOMLOSS,24,fcc_wried/828_MID_STABLE.json,random_loss/STABLE_MID_CRTT_RANDOMLOSS_24.json,1130.78,0.052,18,0.0000,0.0000
STABLE_CRTT_RANDOMLOSS,STABLE,MID,CRTT,RANDOMLOSS,25,fcc_wried/303_MID_STABLE.json,random_loss/STABLE_MID_CRTT_RANDOMLOSS_25.json,1160.70,0.111,21,0.0000,0.0000
STABLE_CRTT_RANDOMLOSS,STABLE,MID,CRTT,RANDOMLOSS,26,fcc_wried/134_MID_STABLE.json,random_loss/STABLE_MID_CRTT_RANDOMLOSS_26.json,1225.60,0.372,17,0.0000,0.0000
STABLE_CRTT_RANDOMLOSS,STABLE,MID,CRTT,RANDOMLOSS,27,fcc_wried/575_MID_STABLE.json,random_loss/STABLE_MID_CRTT_RANDOMLOSS_27.json,1268.22,0.119,15,0.0000,0.0000
STABLE_CRTT_RANDOMLOSS,STABLE,MID,CRTT,RANDOMLOSS,28,fcc_wried/606_MID_STABLE.json,random_loss/STABLE_MID_CRTT_RANDOMLOSS_28.json,1300.45,0.395,10,0.0000,0.0000
STABLE_CRTT_RANDOMLOSS,STABLE,MID,CRTT,RANDOMLOSS,29,fcc_wried/872_MID_STABLE.json,random_loss/STABLE_MID_CRTT_RANDOMLOSS_29.json,1322.28,0.071,23,0.0000,0.0000
STABLE_CRTT_RANDOMLOSS,STABLE,MID,CRTT,RANDOMLOSS,30,fcc_wried/68_MID_STABLE.json,random_loss/STABLE_MID_CRTT_RANDOMLOSS_30.json,1356.55,0.032,14,0.0000,0.0000
STABLE_CRTT_RANDOMLOSS,STABLE,MID,CRTT,RANDOMLOSS,31,fcc_wried/8_MID_STABLE.json,random_loss/STABLE_MID_CRTT_RANDOMLOSS_31.json,1411.03,0.952,27,0.0000,0.0000
STABLE_CRTT_RANDOMLOSS,STABLE,MID,CRTT,RANDOMLOSS,32,fcc_wried/931_MID_STABLE.json,random_loss/STABLE_MID_CRTT_RANDOMLOSS_32.json,1503.47,0.236,19,0.0000,0.0000
STABLE_CRTT_RANDOMLOSS,STABLE,MID,CRTT,RANDOMLOSS,33,fcc_wried/684_MID_STABLE.json,random_loss/STABLE_MID_CRTT_RANDOMLOSS_33.json,1580.53,0.256,29,0.0000,0.0000
STABLE_CRTT_RANDOMLOSS,STABLE,MID,CRTT,RANDOMLOSS,34,fcc_wried/694_MID_STABLE.json,random_loss/STABLE_MID_CRTT_RANDOMLOSS_34.json,1624.97,0.159,29,0.0000,0.0000
STABLE_CRTT_RANDOMLOSS,STABLE,MID,CRTT,RANDOMLOSS,35,fcc_wried/834_MID_STABLE.json,random_loss/STABLE_MID_CRTT_RANDOMLOSS_35.json,1687.70,0.862,14,0.0000,0.0000
STABLE_CRTT_RANDOMLOSS,STABLE,MID,CRTT,RANDOMLOSS,36,fcc_wried/190_MID_STABLE.json,random_loss/STABLE_MID_CRTT_RANDOMLOSS_36.json,1743.05,0.215,21,0.0000,0.0000
STABLE_CRTT_RANDOMLOSS,STABLE,MID,CRTT,RANDOMLOSS,37,fcc_wried/187_MID_STABLE.json,random_loss/STABLE_MID_CRTT_RANDOMLOSS_37.json,1802.65,0.153,13,0.0000,0.0000
STABLE_CRTT_RANDOMLOSS,STABLE,MID,CRTT,RANDOMLOSS,38,fcc_wried/111_MID_STABLE.json,random_loss/STABLE_MID_CRTT_RANDOMLOSS_38.json,1847.05,0.065,17,0.0000,0.0000
STABLE_CRTT_RANDOMLOSS,STABLE,MID,CRTT,RANDOMLOSS,39,fcc_wried/117_MID_STABLE.json,random_loss/STABLE_MID_CRTT_RANDOMLOSS_39.json,2010.85,0.185,22,0.0000,0.0000
STABLE_CRTT_RANDOMLOSS,STABLE,LOW,CRTT,RANDOMLOSS,0,fcc_wried/354_LOW_STABLE.json,random_loss/STABLE_LOW_CRTT_RANDOMLOSS_00.json,168.88,0.293,18,0.0000,0.0000
STABLE_CRTT_RANDOMLOSS,STABLE,LOW,CRTT,RANDOMLOSS,1,fcc_wried/359_LOW_STABLE.json,random_loss/STABLE_LOW_CRTT_RANDOMLOSS_01.json,182.65,0.233,16,0.0000,0.0000
STABLE_CRTT_RANDOMLOSS,STABLE,LOW,CRTT,RANDOMLOSS,2,fcc_wried/360_LOW_STABLE.json,random_loss/STABLE_LOW_CRTT_RANDOMLOSS_02.json,195.60,0.084,19,0.0000,0.0000
STABLE_CRTT_RANDOMLOSS,STABLE,LOW,CRTT,RANDOMLOSS,3,fcc_wried/358_LOW_STABLE.json,random_loss/STABLE_LOW_CRTT_RANDOMLOSS_03.json,195.85,0.075,29,0.0000,0.0000
STABLE_CRTT_RANDOMLOSS,STABLE,LOW,CRTT,RANDOMLOSS,4,fcc_wried/355_LOW_STABLE.json,random_loss/STABLE_LOW_CRTT_RANDOMLOSS_04.json,195.88,0.116,25,0.0000,0.0000
STABLE_CRTT_RANDOMLOSS,STABLE,LOW,CRTT,RANDOMLOSS,5,fcc_wried/356_LOW_STABLE.json,random_loss/STABLE_LOW_CRTT_RANDOMLOSS_05.json,197.12,0.127,19,0.0000,0.0000
STABLE_CRTT_RANDOMLOSS,STABLE,LOW,CRTT,RANDOMLOSS,6,fcc_wried/357_LOW_STABLE.json,random_loss/STABLE_LOW_CRTT_RANDOMLOSS_06.json,198.60,0.054,13,0.0000,0.0000
STABLE_CRTT_RANDOMLOSS,STABLE,LOW,CRTT,RANDOMLOSS,7,fcc_wried/352_LOW_STABLE.json,random_loss/STABLE_LOW_CRTT_RANDOMLOSS_07.json,198.78,0.098,29,0.0000,0.0000
STABLE_CRTT_RANDOMLOSS,STABLE,LOW,CRTT,RANDOMLOSS,8,fcc_wried/353_LOW_STABLE.json,random_loss/STABLE_LOW_CRTT_RANDOMLOSS_08.json,203.80,0.046,29,0.0000,0.0000
STABLE_CRTT_RANDOMLOSS,STABLE,LOW,CRTT,RANDOMLOSS,9,fcc_wried/153_LOW_STABLE.json,random_loss/STABLE_LOW_CRTT_RANDOMLOSS_09.json,213.03,0.124,23,0.0000,0.0000
STABLE_CRTT_RANDOMLOSS,STABLE,LOW,CRTT,RANDOMLOSS,10,fcc_wried/154_LOW_STABLE.json,random_loss/STABLE_LOW_CRTT_RANDOMLOSS_10.json,215.72,0.310,25,0.0000,0.0000
STABLE_CRTT_RANDOMLOSS,STABLE,LOW,CRTT,RANDOMLOSS,11,fcc_wried/149_LOW_STABLE.json,random_loss/STABLE_LOW_CRTT_RANDOMLOSS_11.json,227.28,0.549,19,0.0000,0.0000
STABLE_CRTT_RANDOMLOSS,STABLE,LOW,CRTT,RANDOMLOSS,12,fcc_wried/104_LOW_STABLE.json,random_loss/STABLE_LOW_CRTT_RANDOMLOSS_12.json,262.60,0.098,22,0.0000,0.0000
STABLE_CRTT_RANDOMLOSS,STABLE,LOW,CRTT,RANDOMLOSS,13,fcc_wried/105_LOW_STABLE.json,random_loss/STABLE_LOW_CRTT_RANDOMLOSS_13.json,266.35,0.055,21,0.0000,0.0000
STABLE_CRTT_RANDOMLOSS,STABLE,LOW,CRTT,RANDOMLOSS,14,fcc_wried/107_LOW_STABLE.json,random_loss/STABLE_LOW_CRTT_RANDOMLOSS_14.json,266.65,0.061,13,0.0000,0.0000
STABLE_CRTT_RANDOMLOSS,STABLE,LOW,CRTT,RANDOMLOSS,15,fcc_wried/106_LOW_STABLE.json,random_loss/STABLE_LOW_CRTT_RANDOMLOSS_15.json,270.35,0.038,11,0.0000,0.0000
STABLE_CRTT_RANDOMLOSS,STABLE,LOW,CRTT,RANDOMLOSS,16,fcc_wried/102_LOW_STABLE.json,random_loss/STABLE_LOW_CRTT_RANDOMLOSS_16.json,271.23,0.071,29,0.0000,0.0000
STABLE_CRTT_RANDOMLOSS,STABLE,LOW,CRTT,RANDOMLOSS,17,fcc_wried/103_LOW_STABLE.json,random_loss/STABLE_LOW_CRTT_RANDOMLOSS_17.json,272.90,0.047,26,0.0000,0.0000
STABLE_CRTT_RANDOMLOSS,STABLE,LOW,CRTT,RANDOMLOSS,18,fcc_wried/100_LOW_STABLE.json,random_loss/STABLE_LOW_CRTT_RANDOMLOSS_18.json,276.77,0.027,16,0.0000,0.0000
STABLE_CRTT_RANDOMLOSS,STABLE,LOW,CRTT,RANDOMLOSS,19,fcc_wried/101_LOW_STABLE.json,random_loss/STABLE_LOW_CRTT_RANDOMLOSS_19.json,276.93,0.061,18,0.0000,0.0000
STABLE_CRTT_RANDOMLOSS,STABLE,LOW,CRTT,RANDOMLOSS,20,fcc_wried/155_LOW_STABLE.json,random_loss/STABLE_LOW_CRTT_RANDOMLOSS_20.json,340.68,0.665,13,0.0000,0.0000
STABLE_CRTT_RANDOMLOSS,STABLE,LOW,CRTT,RANDOMLOSS,21,fcc_wried/151_LOW_STABLE.json,random_loss/STABLE_LOW_CRTT_RANDOMLOSS_21.json,405.98,0.425,25,0.0000,0.0000
STABLE_CRTT_RANDOMLOSS,STABLE,LOW,CRTT,RANDOMLOSS,22,fcc_wried/304_LOW_STABLE.json,random_loss/STABLE_LOW_CRTT_RANDOMLOSS_22.json,407.80,0.089,19,0.0000,0.0000
STABLE_CRTT_RANDOMLOSS,STABLE,LOW,CRTT,RANDOMLOSS,23,fcc_wried/678_LOW_STABLE.json,random_loss/STABLE_LOW_CRTT_RANDOMLOSS_23.json,407.80,0.089,25,0.0000,0.0000
STABLE_CRTT_RANDOMLOSS,STABLE,LOW,CRTT,RANDOMLOSS,24,fcc_wried/313_LOW_STABLE.json,random_loss/STABLE_LOW_CRTT_RANDOMLOSS_24.json,419.70,0.111,11,0.0000,0.0000
STABLE_CRTT_RANDOMLOSS,STABLE,LOW,CRTT,RANDOMLOSS,25,fcc_wried/766_LOW_STABLE.json,random_loss/STABLE_LOW_CRTT_RANDOMLOSS_25.json,430.55,0.193,26,0.0000,0.0000
STABLE_CRTT_RANDOMLOSS,STABLE,LOW,CRTT,RANDOMLOSS,26,fcc_wried/448_LOW_STABLE.json,random_loss/STABLE_LOW_CRTT_RANDOMLOSS_26.json,434.23,0.077,12,0.0000,0.0000
STABLE_CRTT_RANDOMLOSS,STABLE,LOW,CRTT,RANDOMLOSS,27,fcc_wried/767_LOW_STABLE.json,random_loss/STABLE_LOW_CRTT_RANDOMLOSS_27.json,437.85,0.220,18,0.0000,0.0000
STABLE_CRTT_RANDOMLOSS,STABLE,LOW,CRTT,RANDOMLOSS,28,fcc_wried/305_LOW_STABLE.json,random_loss/STABLE_LOW_CRTT_RANDOMLOSS_28.json,441.73,0.064,11,0.0000,0.0000
STABLE_CRTT_RANDOMLOSS,STABLE,LOW,CRTT,RANDOMLOSS,29,fcc_wried/306_LOW_STABLE.json,random_loss/STABLE_LOW_CRTT_RANDOMLOSS_29.json,454.00,0.106,24,0.0000,0.0000
STABLE_CRTT_RANDOMLOSS,STABLE,LOW,CRTT,RANDOMLOSS,30,fcc_wried/309_LOW_STABLE.json,random_loss/STABLE_LOW_CRTT_RANDOMLOSS_30.json,457.25,0.119,27,0.0000,0.0000
STABLE_CRTT_RANDOMLOSS,STABLE,LOW,CRTT,RANDOMLOSS,31,fcc_wried/898_LOW_STABLE.json,random_loss/STABLE_LOW_CRTT_RANDOMLOSS_31.json,459.02,0.121,21,0.0000,0.0000
STABLE_CRTT_RANDOMLOSS,STABLE,LOW,CRTT,RANDOMLOSS,32,fcc_wried/175_LOW_STABLE.json,random_loss/STABLE_LOW_CRTT_RANDOMLOSS_32.json,461.15,0.071,15,0.0000,0.0000
STABLE_CRTT_RANDOMLOSS,STABLE,LOW,CRTT,RANDOMLOSS,33,fcc_wried/646_LOW_STABLE.json,random_loss/STABLE_LOW_CRTT_RANDOMLOSS_33.json,461.15,0.071,16,0.0000,0.0000
STABLE_CRTT_RANDOMLOSS,STABLE,LOW,CRTT,RANDOMLOSS,34,fcc_wried/310_LOW_STABLE.json,random_loss/STABLE_LOW_CRTT_RANDOMLOSS_34.json,462.38,0.097,22,0.0000,0.0000
STABLE_CRTT_RANDOMLOSS,STABLE,LOW,CRTT,RANDOMLOSS,35,fcc_wried/818_LOW_STABLE.json,random_loss/STABLE_LOW_CRTT_RANDOMLOSS_35.json,470.05,0.086,14,0.0000,0.0000
STABLE_CRTT_RANDOMLOSS,STABLE,LOW,CRTT,RANDOMLOSS,36,fcc_wried/647_LOW_STABLE.json,random_loss/STABLE_LOW_CRTT_RANDOMLOSS_36.json,470.77,0.043,21,0.0000,0.0000
STABLE_CRTT_RANDOMLOSS,STABLE,LOW,CRTT,RANDOMLOSS,37,fcc_wried/183_LOW_STABLE.json,random_loss/STABLE_LOW_CRTT_RANDOMLOSS_37.json,473.57,0.093,27,0.0000,0.0000
STABLE_CRTT_RANDOMLOSS,STABLE,LOW,CRTT,RANDOMLOSS,38,fcc_wried/176_LOW_STABLE.json,random_loss/STABLE_LOW_CRTT_RANDOMLOSS_38.json,476.25,0.029,20,0.0000,0.0000
STABLE_CRTT_RANDOMLOSS,STABLE,LOW,CRTT,RANDOMLOSS,39,fcc_wried/700_LOW_STABLE.json,random_loss/STABLE_LOW_CRTT_RANDOMLOSS_39.json,487.60,0.061,28,0.0000,0.0000
